metric,sciunit,original_llm,llama3_nrp
Dependencies Found,10.383333333333333,6.633333333333334,18.316666666666666
True Positives,10.383333333333333,1.6166666666666667,3.25
False Positives,0.0,5.016666666666667,15.066666666666666
False Negatives,0.0,8.766666666666667,7.133333333333334
Precision,1.0,0.27931337181337185,0.2590051120719553
Recall,1.0,0.17037211602366992,0.25110501454866124
