Cluster,Size,Percentage,Inertia
0,75,25.00%,203.89074684058343
1,75,25.00%,203.89074684058343
2,75,25.00%,203.89074684058343
3,75,25.00%,203.89074684058343
