Feature_1,Feature_2,Cluster
-2.6051687797020175,8.992801149672715,0
-6.851262107441302,-6.850318327111596,1
4.686874471531272,2.0143459275703064,2
-8.834561411667448,7.2443073356221,3
